period,partner,United Kingdom,France,Belgium,China,Czechia,Chile,Georgia,Azerbaijan,Germany,Greece,Bulgaria,Hungary,Ireland,Italy,Argentina,Austria,Canada,Croatia,Lithuania,Estonia,Latvia,Luxembourg,Malta,Netherlands,New Zealand,Poland,Portugal,Rep. of Moldova,Romania,Serbia,Slovakia,Slovenia,Spain,Sweden,Denmark,Finland,Morocco,Norway,Turkey,USA
201401,France,84.0,,,,,,,,,,,,,26360.0,,,,,,,,,,,,,,,,,,,127607.0,,,,,,,
201401,Ireland,987.0,,,,,,,,,,,,,,,,,,,,,,,,,,,,,,,,,,,,,,,
201401,Italy,1308.0,158116.0,20415.0,,,,,,,,,,,,,,,,,,,,,,,,,,,,,,,,,,,2851.0,,
201401,Lithuania,2773.0,,,,,,,,,,,,,,,,,,,,,,,,,,,,,,,,,,,,,,,
201401,Poland,473.0,,,,,,,,,,,,,,,,,,5496.0,,,,,,,,,,,,,,,,2254.0,,,,,
201401,World,5624.0,168262.0,21164.0,,,,,,,,10044.0,,2423.0,26700.0,,4464.0,3675770.0,,19599.0,,,,,,,,16857.0,,,,,,141000.0,16023.0,14792.0,,,5214.0,,72660.0
201402,Ireland,1636.0,,,,,,,,,,,,,,,,,,,,,,,,,,,,,,,,,,,,,,,
201402,Italy,2966.0,19036.0,13398.0,,,,,,,,,,,,,,,,,,,,,,,2146.0,15874.0,,,,,,,,,,,5282.0,,
201402,Lithuania,3450.0,,,,,,,,,,,,,,,,,,,,,,,,,,,,,,,,,,,,,,,
201402,Poland,1512.0,,,,,,,,,,,,,,,,,,1924.0,,,,,,,,,,,,,,,,1914.0,,,,,
201402,World,9564.0,19269.0,13589.0,,,,,,,,7921.0,,2140.0,56591.0,,1885.0,1108139.0,,24019.0,,,,6719.0,,,3553.0,16580.0,,,,,,270678.0,,75963.0,2841.0,,17453.0,,
201403,Lithuania,4187.0,,,,,,,,,,,,,,,,,,,,,,,,,,,,,,,,,,,38166.0,,,,
201403,Poland,800.0,,,,,,,,,,,,,,,,,,,,,,,,,,,,,,,,,,2387.0,,,,,
201403,World,4987.0,16158.0,11224.0,,12655.0,,,,,,,,2343.0,,,,1522517.0,,,3405.0,,,8003.0,,,1892.0,,,,,,,116424.0,3430.0,23242.0,38166.0,,30908.0,,
201404,France,90.0,,12998.0,,,,,,,,,,,17577.0,,,,,,,,,,,,,,,,,,,58595.0,,,,,,,
201404,Ireland,370.0,,,,,,,,,,,,,,,,,,,,,,,,,,,,,,,,,,,,,,,
201404,Italy,1898.0,47542.0,,,,,,,,,,,,,,,,,,,,,,,,,19914.0,,,,,,,,,,,7977.0,,
201404,Lithuania,3862.0,,,,,,,,,,,,,,,,,,,,,,,,,,,,,,,,,,,,,,,
201404,Turkey,4603.0,,,,,,,,,,,,,,,,6772.0,,,,,,,,,,,,,,,,15871.0,,,,,5572.0,,
201404,World,10823.0,54157.0,14062.0,,,,,,,,,,3068.0,4628144.0,,2348.0,221507.0,,,4020.0,,,,,,,25677.0,,,,,,74466.0,,27952.0,,,13549.0,,
201405,Ireland,817.0,,,,,,,,,,,,,,,,,,,,,,,,,,,,,,,,,,,,,,,
201405,Lithuania,3785.0,,,,,,,,,,,,,,,,,,,,,,,,,,,,,,,,,,,,,,,
201405,Poland,1171.0,,,,,,,,,,,,,,,,,,,,,,,,,,,,,,,,,,2497.0,,,,,
201405,World,5773.0,91310.0,13308.0,,,,,,,,3538.0,,2642.0,6544005.0,,,4584.0,,,29077.0,,,,75859.0,,,,,2174.0,,,,159066.0,24331.0,12193.0,,,5478.0,,709978.0
201406,France,90.0,,8239.0,,,,,,,,,,,,,,,,,,,,,,,,,,,,,,7870.0,,,,,,,
201406,Ireland,810.0,,,,,,,,,,,,,,,,,,,,,,,,,,,,,,,,,,,,,,,
201406,Italy,1993.0,192524.0,,,,,,,,,,,,,,,,,,,,,,39960.0,,,,,,,,,,,6613.0,,,4818.0,,
201406,Poland,1557.0,,,,,,,,,,,,,,,,,,,,,,,,,,,,,,,,,,2409.0,,,,,
201406,World,4449.0,556507.0,9833.0,,11611.0,,,,,,,,2403.0,9202048.0,,,230845.0,,,,,,,39960.0,,,2179.0,,3441.0,,,,7870.0,24519.0,46773.0,12699.0,,11723.0,,2416434.0
201407,France,1262.0,,,,,,,,,,,,,,,,,,,,,,,,,,,,,,,,,,,,,,,
201407,Ireland,399.0,,,,,,,,,,,,,,,,,,,,,,,,,,,,,,,,,,,,,,,
201407,Lithuania,2385.0,,,,,,,,,,,,,,,,,,,,,,,,,,,,,,,,,,,,,,,
201407,Poland,712.0,,,,,,,,,,,,,,,,,,,,,,,,,,,,,,,,,,,,,,,
201407,World,4758.0,248343.0,,,,,,,,,,2799.0,2642.0,7272741.0,,,1521956.0,,,2105.0,,,,,,20259.0,,,13289.0,,,,179135.0,,112006.0,,,9575.0,,
201408,France,1861.0,,16006.0,,,,,,,,,,,57485.0,,,,,,,,,,,,,,,,,,,16379.0,,,,,,,
201408,Ireland,1191.0,,,,,,,,,,,,,,,,,,,,,,,,,,,,,,,,,,,,,,,
201408,Italy,1336.0,47718.0,,,,,,,,,,,,,,,,,,,,,,,,,,,,,,,,,,,,5206.0,,
201408,Lithuania,3275.0,,,,,,,,,,,,,,,,,,,,,,,,,,,,,,,,,,,,,,,
201408,Netherlands,29014.0,,,,,,,,,,,,,,,,,,,,,,,,,,,,,,,,,4928.0,28964.0,,,,,
201408,Poland,733.0,,,,,,,,,,,,,,,,,,2327.0,,,,,,,,,,,,,,,,,,,,,
201408,World,37410.0,72701.0,26605.0,,,2297.0,,,,8655.0,,,3481.0,3723485.0,,,,,15088.0,,,,,,,,,,4643.0,,,,16379.0,35798.0,46381.0,2806.0,,5206.0,,91689.0
201409,France,231.0,,32214.0,,,,,,,,,,,659547.0,,,,,,,,,,,,,,,,,,,569708.0,,,,,,,
201409,Ireland,986.0,,,,,,,,,,,,,,,,,,,,,,,,,,,,,,,,,,,,,,,
201409,Italy,147778.0,51281.0,,,,,,,,,,,,,,,,,,,,,5767.0,,,,,,,,,,,,,,,10349.0,,
201409,Lithuania,2493.0,,,,,,,,,,,,,,,,,,,,,,,,,,,,,,,,,,,6921.0,,,,
201409,Netherlands,29172.0,20996.0,3483.0,,,,,,,,66440.0,,,,,,,,,,,,,,,,,,,,,,,3929.0,40235.0,,,,,
201409,Poland,1665.0,,,,,,,,,79759.0,,,,67692.0,,,,,10226.0,,,,,,,,,,4469.0,,,,,,,,,,,
201409,World,182326.0,220273.0,41257.0,,,,662970.0,,,79759.0,66440.0,2180.0,13916.0,1693647.0,,2025.0,530311.0,,94827.0,5484.0,10242.0,,5767.0,18797.0,,117855.0,,,8749.0,,150679.0,,654248.0,26943.0,62684.0,6921.0,,15335.0,,79133.0
201410,France,374.0,,31112.0,,,,,,,19516.0,,,,1090389.0,,,,,,,,,,71729.0,,,,,,,55888.0,,377972.0,,281506.0,,,38456.0,,
201410,Italy,193005.0,166545.0,53949.0,,,,,,,,,,,,,2661.0,,,,,,,,180058.0,,,5451.0,,,,,,9125.0,279687.0,9405.0,,,342593.0,,
201410,Lithuania,3114.0,,,,,,,,,,,,,,,,,,,,,,,,,,,,,,,,,,,,,,,
201410,Netherlands,80.0,,30263.0,,,,,,,,43076.0,,,,,,,,,,,,,,,,,,,,,,,66816.0,39132.0,,,,,
201410,Poland,1237.0,,,,,,,,,272926.0,,,,1288241.0,,,,,46628.0,,,,,,,,,,,,,,,,,,,,,
201410,World,197811.0,248891.0,273775.0,,74939.0,,335160.0,,,292442.0,62072.0,,8550.0,2959280.0,,4664.0,7133726.0,,116847.0,5422.0,,,,251787.0,,2176.0,26625.0,,,,72547.0,,464744.0,403931.0,499772.0,4425.0,,419961.0,,304037.0
201411,France,7060.0,,27538.0,,,,,,,,,,,602822.0,,,,,,,,,,14966.0,,,64735.0,,,,21417.0,,347757.0,,255031.0,,,,,
201411,Ireland,1541.0,,,,,,,,,,,,,,,,,,,,,,,,,,,,,,,,,,,,,,,
201411,Italy,209724.0,407592.0,33200.0,,,,,,,,,59848.0,,,,,24150.0,,,,,,9279.0,273935.0,,,,,,,,,35159.0,443212.0,6034.0,,,536708.0,,
201411,Lithuania,3304.0,,,,,,,,,,,,,,,,,,,,,,,,,,,,,,,,,,,,,,,
201411,Netherlands,9947.0,27127.0,12198.0,,,,,,,,,6653.0,,2862.0,,,,,35610.0,,,,,,,,,,,,,,42155.0,57241.0,61028.0,,,,,
201411,Poland,1532.0,,,,,,,,,32986.0,,,,1143031.0,,,,,64824.0,,,,,,,,,,2936.0,,,,,,,,,,,
201411,World,233107.0,577091.0,74495.0,,12912.0,,,,,134171.0,22624.0,66501.0,2043.0,3512141.0,,6623.0,9314115.0,,215438.0,40198.0,66441.0,,9279.0,337605.0,,11959.0,119199.0,,37301.0,,29690.0,,533590.0,500452.0,345946.0,,,536708.0,,
201412,France,4786.0,4270.0,,,,,,,,,,,,658615.0,,,,,,,,,,,,2017.0,37294.0,,,,,,507852.0,,,,,3930.0,,
201412,Ireland,997.0,,,,,,,,,,,,,,,,,,,,,,,,,,,,,,,,,,,,,,,
201412,Netherlands,1671.0,,1948.0,,,,,,,,,,,3662.0,,7016.0,,,,,,,,,,,,,,,,,112952.0,14684.0,114907.0,,,,,
201412,Poland,2133.0,,,,,,,,,,,,,641534.0,,,,,,,,,,,,,,,,,,,,,2884.0,,,,,
201412,World,9586.0,310058.0,33972.0,,39370.0,,,,,,13811.0,,,2296048.0,28564.0,10753.0,11721787.0,3241.0,79042.0,52086.0,,,3206.0,54873.0,,73687.0,56636.0,,68363.0,,,64136.0,845327.0,86139.0,127871.0,3001.0,,129939.0,,
201501,France,275.0,,50139.0,,,,,,,,,,,202032.0,,,,,,,,,,,,,,,,,,,98453.0,,,,,39792.0,,
201501,Ireland,1237.0,,,,,,,,,,,,,,,,,,,,,,,,,,,,,,,,,,,,,,,
201501,Italy,1521.0,278422.0,,,,,,,,,,,,,,,,,,,,,14608.0,,,,,,,,,,,,,,,8292.0,,
201501,Lithuania,2561.0,,,,,,,,,,,,,,,,,,,,,,,,,,,,,,,,,,1948.0,,,,,
201501,Netherlands,1860.0,,,,,,,,,,,,,,,,,,,,,,,,,,,,,,,,,2714.0,,,,,,
201501,Poland,434.0,,,,,,,,,,,,,836213.0,,,,,,,,,,,,,,,,,,,,,13802.0,,,,,
201501,World,7889.0,407236.0,51470.0,,,,,,,,,2577.0,,1327875.0,,,5464945.0,,116670.0,,,,14608.0,,,,60126.0,39950.0,4071.0,,,,197022.0,45155.0,25883.0,,,52956.0,,148074.0
201502,France,254.0,,,,,,,,,,,,,157680.0,,,,,,,,,,,,,,,,,,,219248.0,,,,,,,
201502,Ireland,529.0,,,,,,,,,,,,,,,,,,,,,,,,,,,,,,,,,,,,,,,
201502,Lithuania,1018.0,,,,,,,,,,,,,,,,,,,,,,,,,,,,,,,,,,,,,,,
201502,Poland,684.0,,,,,,,,,,,,,323445.0,,,,,,,,,,,,,,,,,,,,,12429.0,,,,,
201502,World,2484.0,299463.0,,,,,,,,,,,2172.0,577062.0,,,1281483.0,,,,,,,,,47507.0,8792.0,,2559.0,,,,397568.0,11959.0,81287.0,2620.0,,28294.0,,
201503,France,162.0,,19349.0,,,,,,,,,,,117257.0,,,,,,,,,,,,,,,,,13454.0,,73612.0,,,,,,,
201503,Ireland,852.0,,,,,,,,,,,,,,,,,,,,,,,,,,,,,,,,,,,,,,,
201503,Italy,1648.0,5129.0,,,,,,,,,,,,,,,,,,,,,7294.0,,,,,,,,,,,,11629.0,,,,,
201503,Lithuania,1553.0,,,,,,,,,,,,,,,,,,,,,,,,,,,,,,,,,,,,,,,
201503,Poland,855.0,,,,,,,,,,,,,329364.0,,,,,,,,,,,,,,,,,,,,,11391.0,,,,,
201503,World,5070.0,258370.0,19868.0,,,,,,,,,,2306.0,448237.0,,,9199009.0,,63555.0,,,,7294.0,,,,,4897.0,,,13454.0,,73612.0,10665.0,86419.0,,,41531.0,,
201504,France,136.0,,12201.0,,,,,,,,,,,,,,,,,,,,,,,,,,,,,,30806.0,,,,,,,
201504,Ireland,2695.0,,,,,,,,,,,,,,,,,,,,,,,,,,,,,,,,,,,,,,,
201504,Lithuania,1445.0,,,,,,,,,,,,,,,,,,,,,,,,,,,,,,,,,,2105.0,,,,,
201504,Poland,940.0,,,,,,,,,,,2657.0,,95442.0,,,,,,,,,,,,,,,,,,,,,14940.0,,,,,
201504,World,5216.0,264179.0,12395.0,,,,,,,,,5663.0,,6012502.0,,2458.0,5960368.0,,,,39209.0,,,73168.0,,,2955.0,,13426.0,,,,30806.0,60211.0,128178.0,,,,,83987.0
201505,France,71.0,,16553.0,,,,,,,,,,,,,,,,,,,,,,,,,,,,,,64012.0,,,,,,,
201505,Ireland,978.0,,,,,,,,,,,,,,,,,,,,,,,,,,,,,,,,,,,,,,,
201505,Lithuania,3777.0,,,,,,,,,,,,,,,,,,,,,,,,,,,,,,,,,,1980.0,,,,,
201505,World,4827.0,71887.0,17022.0,,,,,,,,,,,11492131.0,,2765.0,1211423.0,,,,,,,331088.0,,,102026.0,,25812.0,,,,64012.0,23845.0,96135.0,,,,,760992.0
201506,France,84.0,32484.0,11764.0,,,,,,,,,,,,,,,,,,,,,,,,,,,,,,,,,,,,,
201506,Ireland,722.0,,,,,,,,,,,,,,,,,,,,,,,,,,,,,,,,,,,,,,,
201506,Lithuania,5144.0,,,,,,,,,,,,,,,,,,,,,,,,,,,,,,,,,,,,,,,
201506,World,5950.0,35208.0,12718.0,,,,,,,,,,,4622184.0,22243.0,,435208.0,,,,,,,40423.0,,12346.0,51397.0,,19499.0,,,,,14511.0,27148.0,,,8438.0,,3511739.0
201507,France,1339.0,,12629.0,,,,,,,,,,,,,,,,,,,,,,,,,,,,,,11722.0,,2142.0,8372.0,,,,
201507,Ireland,1308.0,,,,,,,,,,,,,,,,,,,,,,,,,,,,,,,,,,,,,,,
201507,Lithuania,2035.0,,,,,,,,,,,,,,,,,,,,,,,,,,,,,,,,,,2042.0,,,,,
201507,Poland,229.0,,,,,,,,,,,,,,,,,,,,,,,,,,,,6279.0,,,,,,14092.0,,,,,
201507,World,4911.0,202182.0,12812.0,,,,,,,,,,,823656.0,67402.0,19045.0,,4084.0,,,,,,123078.0,,22999.0,,,22344.0,,,,11722.0,20500.0,241587.0,8372.0,,3246.0,,1296535.0
201508,France,1851.0,,7168.0,,,,,,,,,,,,,,,,,,,,,,,,,,,,,,,,,,,,,
201508,Ireland,1498.0,,,,,,,,,,,,,,,,,,,,,,,,,,,,,,,,,,,,,,,
201508,Lithuania,874.0,,,,,,,,,,,,,,,,,,,,,,,,,,,,,,,,,,2058.0,,,,,
201508,Poland,120.0,,,,,,,,,,,,,,,,,,,,,,,,,,,,,,,,,,14555.0,,,,,
201508,World,4343.0,34364.0,7750.0,,,,,,,,,,,2478.0,,,383865.0,6281.0,,,,,,,,,90241.0,,5792.0,,63441.0,,,28205.0,23146.0,,,,,
201509,France,462.0,,30358.0,,,,,,,,,,,198801.0,,,,,,,,,,,,,,,,,,,24462.0,,,,,,,
201509,Ireland,461.0,,,,,,,,,,,,,,,,,,,,,,,,,,,,,,,,,,,,,,,
201509,Italy,179349.0,121220.0,,,,,,,,,,,,,,,,,,,,,5173.0,,,,34073.0,,,,,1893.0,,,9972.0,8144.0,,,,
201509,Lithuania,4555.0,,,,,,,,,,,,,,,,,,,,,,,,,,,,,,,,,,2035.0,,,,,
201509,Netherlands,54628.0,29765.0,10707.0,,,,,,,,,,,,,,,,4629.0,,,,,,,,,,,,,,123992.0,4420.0,123708.0,,,,,
201509,Poland,453.0,,,,,,,,,,,,,,,,,,4778.0,,,,,,,,,,14195.0,,,,,,13523.0,,,,,
201509,Turkey,5888.0,24382.0,,,,,,,,,,,,,,,,,,,,,,,,,,,,,,,,,,,,,,
201509,World,245795.0,600613.0,107364.0,,,,,,,,,,5985.0,973332.0,,3243.0,,,12964.0,,,,5173.0,,,4500.0,39321.0,,15900.0,,119997.0,1962.0,148454.0,20070.0,153617.0,9933.0,,289920.0,,
201510,France,5666.0,,26586.0,,17580.0,,,,,9078.0,,,,942443.0,,,,,,,,,,140381.0,,,,,,,120462.0,,841232.0,,222826.0,,,,,
201510,Ireland,1198.0,,,,,,,,,,,,,,,,,,,,,,,,,,,,,,,,,,,,,,,
201510,Italy,217191.0,228349.0,19736.0,,,,,,,,,,,,,3123.0,,,,,,,,177524.0,,,,,,,,,,219647.0,,,,450405.0,,
201510,Poland,782.0,,,,,,,,,,,,,903583.0,,,,,,,,,,,,,,,39626.0,,,,,,16339.0,,,,,
201510,World,224837.0,639302.0,56192.0,,149002.0,,,,,13336.0,,,11784.0,2174415.0,,5460.0,1932195.0,,37900.0,,70954.0,,,317906.0,,219441.0,14944.0,,60096.0,,315128.0,,916484.0,377653.0,324085.0,,,874915.0,,194032.0
201511,France,2413.0,3124.0,13497.0,,13490.0,,,,,,,,,472044.0,,,,,,,,,,,,,,,,,,,252254.0,3919.0,119656.0,,,,,
201511,Ireland,774.0,,,,,,,,,,,,,,,,,,,,,,,,,,,,,,,,,,,,,,,
201511,Italy,456217.0,276286.0,,,,,,,,,,,,,,9542.0,,,,,,,1952.0,159083.0,,,92888.0,,,,,,5267.0,264305.0,19513.0,,,265185.0,,
201511,Lithuania,3243.0,,,,,,,,,,,,,,,,,,,,,,,,,,,,,,,,,,2079.0,,,,,
201511,Netherlands,291.0,,14449.0,,,,,,,,,5495.0,,2628.0,,,,,,,,,6451.0,,,,,,15196.0,,,,,17290.0,15711.0,,,,,
201511,Poland,1775.0,,,,,,,,,,,2715.0,,642522.0,,,,,,,,,,,,,,,24703.0,,,,,,14715.0,,,,,
201511,World,464713.0,973870.0,82798.0,,19577.0,,,,,6034.0,,8700.0,5212.0,2775120.0,,13126.0,1935409.0,,18036.0,30459.0,7630.0,,8402.0,159083.0,,77744.0,114854.0,,43266.0,,31696.0,2022.0,316013.0,315598.0,196488.0,11457.0,,307706.0,,50500.0
201512,France,3935.0,,16304.0,,3409.0,,,,,,,,,308274.0,,,,,,,,,,,,,,,,,,,131786.0,,,,,,,
201512,Germany,15990.0,,49569.0,,,,,,,,,,56695.0,,,,,,,,,,,,,,57162.0,,,,,,,37175.0,10222.0,,,,,
201512,Ireland,2634.0,,,,,,,,,,,,,,,,,,,,,,,,,,,,,,,,,,,,,,,
201512,Lithuania,1625.0,,,,,,,,,,,,,,,,,,,,16831.0,,,,,,,,,,,,,,,,,,,
201512,Netherlands,1121.0,8158.0,4350.0,,,,,,,,,,,,,,,,,,,,12400.0,,,,,,15228.0,,,,,5764.0,100305.0,,,,,
201512,Poland,1192.0,,,,,,,,,,,,,1023871.0,,,,,,,,,,,,,,,17501.0,,,,,,12500.0,,,,,
201512,World,26496.0,454299.0,73998.0,,14042.0,,,,,,,4660.0,56695.0,1660125.0,,2404.0,34683.0,,44024.0,11320.0,17029.0,,14238.0,,,,88266.0,,35677.0,,,,277581.0,42939.0,130793.0,2787.0,,21159.0,,72322.0
201601,France,236.0,,12330.0,,,,,,,,,,,88216.0,,,,,,,,,,,,,33443.0,,,,,,14850.0,,,,,,,
201601,Ireland,426.0,,,,,,,,,,,,,,,,,,,,,,,,,,,,,,,,,,,,,,,
201601,Lithuania,1947.0,,,,,,,,,,,,,,,,,,,,,,,,,,,,,,,,,,,,,,,
201601,Poland,128.0,,,,6503.0,,,,,,,,,394970.0,,,,,,,,,,,,,,,2150.0,,,,,,,,,,,
201601,Turkey,10943.0,,,,,,,,,,,,,,,,11678.0,,,,,,,,,,,,,,,,,,,,,,,
201601,World,13681.0,522897.0,42639.0,,6665.0,,,,,,,,,485940.0,,30158.0,26548.0,,9903.0,,,,,,,,57427.0,,83850.0,,4209.0,,19500.0,4680.0,9589.0,6376.0,,3900.0,,
201602,France,267.0,,,,,,,,,,,,,90139.0,,,,,,,,,,,,,,,,,,,36691.0,,,,,,,
201602,Ireland,479.0,,,,,,,,,,,,,,,,,,,,,,,,,,,,,,,,,,,,,,,
201602,Italy,842.0,65303.0,,,,,,,,,,,,,,,,,,,,,,9984.0,,,,,,,,,38826.0,,,,,,,
201602,Lithuania,2938.0,,,,,,,,,,,,,,,,,,,,,,,,,,,,,,,,,,,,,,,
201602,Poland,596.0,,,,,,,,,,,,,222406.0,,,,,,,,,,,,,,,10916.0,,,,,,,,,,,
201602,World,5122.0,479867.0,44396.0,,,,,,,3153.0,,,4560.0,314747.0,,29829.0,,,29877.0,,,,,9984.0,,,3369.0,,11914.0,,,,75517.0,3536.0,67108.0,5962.0,,,,
201603,France,817.0,,,,,,,,,,,,,244739.0,,,,,,,,,,,,,,,,,,,101738.0,,,,,,,
201603,Ireland,2423.0,,,,,,,,,,,,,,,,,,,,,,,,,,,,,,,,,,,,,,,
201603,Italy,1842.0,134019.0,,,,,,,,,,,,,,,,3414.0,,,,,,,,,,,,,,,,,,5488.0,,7687.0,,
201603,Lithuania,1162.0,,,,,,,,,,,,,,,,,,,,,,,,,,,,,,,,,,,,,,,
201603,Poland,363.0,,,,,,,,,,,,,459191.0,,,,,,,,,,,,,,,3297.0,,,,,,,,,,,
201603,World,6607.0,200454.0,,,,,,64800.0,,,,,,959788.0,,2309.0,42364.0,3414.0,5706.0,,,,,,,,,,7071.0,,,,101738.0,17091.0,39350.0,8546.0,,7687.0,,
201604,France,66.0,,30263.0,,,,,,,,,,,,,,,,,,,,,,,,,,,,,,45810.0,,,,,,,
201604,Ireland,1796.0,,,,,,,,,,,,,,,,,,,,,,,,,,,,,,,,,,,,,,,
201604,Lithuania,1982.0,,,,,,,,,,,,,,,,,,,,3516.0,,,,,,,,,,,,,,,,,,,
201604,Poland,458.0,,,,,,,,,,,,,42734.0,,,,,,,,,,,,,,,,,,,,,,,,,,
201604,World,4302.0,191981.0,33014.0,,,,,,,,,,,535931.0,,2517.0,,,5061.0,,3585.0,,,,,,3513.0,,4116.0,,,,158713.0,2464.0,56313.0,3386.0,,3754.0,,
201605,France,64.0,,,,,,,,,,,,,64518.0,,,,,,,,,,,,,,,,,,,,,,,,,,
201605,Italy,1945.0,5972.0,,,,,,,,,,,,,,,,,,,,,4377.0,29974.0,,,,,,,,,,,,,,,,
201605,Lithuania,1627.0,,,,,,,,,,,,,,,,,,,,,,,,,,,,,,,,,,,,,,,
201605,World,3635.0,241730.0,40680.0,,,,,,,,,2312.0,2846.0,200502.0,,13528.0,5509.0,,,,,,4377.0,29974.0,,,2227.0,,2545.0,,,,,17643.0,41061.0,7928.0,,,,
201606,Hungary,6997.0,,,,,,,,,,,,,,,,,,,,,,,,,,,,,,,,,,,,,,,
201606,Ireland,2520.0,,,,,,,,,,,,,,,,,,,,,,,,,,,,,,,,,,,,,,,
201606,Italy,4573.0,10187.0,,,,,,,,,,,,,,,,,,,,,,,,,,,,,,,,,,,,,,
201606,Lithuania,2940.0,,,,,,,,,,,,,,,,,,,,,,,,,,,,,,,,,,,,,,,
201606,Poland,3807.0,,,,,,,,,,,,,,,,,,,,,,,,,,,,,,,,,,,,,,,
201606,World,20836.0,33425.0,10311.0,,,,,,,,,,,100785.0,,12475.0,13850.0,,14937.0,,,,,,,,,,6984.0,,,,,3127.0,30697.0,6478.0,,,,
201607,France,401.0,,,,,,,,,,,,,,,,,,,,,,,,,,,,,,,,,,,,,,,
201607,Hungary,8332.0,,,,,,,,,,,,,,,,,,,,,,,,,,,,,,,,,,,,,,,
201607,Ireland,1014.0,,,,,,,,,,,,,,,,,,,,,,,,,,,,,,,,,,,,,,,
201607,Italy,1937.0,52589.0,,,,,,,,,,,,,,,,,,,,,,,,,,,,,,,,,6119.0,,,,,
201607,Lithuania,1774.0,,,,,,,,,,,,,,,,,,,,,,,,,,,,,,,,,,,,,,,
201607,Poland,316.0,,,,,,,,,,,,,,,,,,,,,,,,,,,,,,,,,,,,,,,
201607,World,13774.0,89735.0,,,,,,,,,,,2681.0,2734.0,,10283.0,,,,,,,,,,,,,,,,,60905.0,,80709.0,,,,,80826.0
201608,France,1161.0,,6223.0,,,,,,,,,,,,,,,,,,,,,,,,,,,,,,,,9733.0,,,,,
201608,Hungary,6820.0,,,,,,,,,,,,,,,,,,,,,,,,,,,,,,,,,,,,,,,
201608,Ireland,976.0,,,,,,,,,,,,,,,,,,,,,,,,,,,,,,,,,,,,,,,
201608,Italy,348.0,33266.0,,,,,,,,,,,,,,,,,,,,,,,,,,,,,,,,,,,,,,
201608,Netherlands,7995.0,,,,,,,,,,,2357.0,,,,,,,,,,,,,,,,,,,,,,2008.0,54196.0,,,,,
201608,Poland,488.0,,,,,,,,,,,,,,,,,,,,,,,,,,,,,,,,,,,,,,,
201608,World,17788.0,206985.0,17707.0,,,,,,,,,2764.0,,52156.0,,4092.0,42394.0,,,,,,,,,31762.0,,,3050.0,,,,,19726.0,67998.0,2646.0,,,,
201609,France,121.0,,18608.0,,,,,,,,,,,109011.0,,,,,,,,,,,,,,,,,,,,,2395.0,,,,,
201609,Ireland,1133.0,,,,,,,,,,,,,,,,,,,,,,,,,,,,,,,,,,,,,,,
201609,Italy,228270.0,9441.0,15532.0,,,,,,,,,,,,,5221.0,2502.0,,,,,,,,,,,,,,,,,,,,,6948.0,,
201609,Lithuania,1076.0,,,,,,,,,,,,,,,,,,,,,,,,,,,,,,,,,,,,,,,
201609,Poland,28.0,,,,,,,,,,,,,69840.0,,,,,,,,,,,,,,,13812.0,,,,,,,,,,,
201609,World,230628.0,183408.0,152010.0,,16828.0,,,,,,,1923.0,3499.0,493746.0,18249.0,11246.0,82147.0,,,,2020.0,,,,,,,,14754.0,,,,,20864.0,46301.0,7931.0,,6948.0,,
201610,Hungary,2749.0,,,,,,,,,,,,,,,,,,,,,,,,,,,,,,,,,,,,,,,
201610,Ireland,516.0,,,,,,,,,,,,,,,,,,,,,,,,,,,,,,,,,,,,,,,
201610,Italy,77012.0,187244.0,52225.0,,,,,,,,,,,,,,,,144760.0,,,,2811.0,109207.0,,,111476.0,,,,,,5742.0,75295.0,,,,345569.0,,
201610,Lithuania,2496.0,,,,,,,,,,,,,,,,,,,,62398.0,,,,,,,,,,,,,7609.0,,,,,,
201610,Poland,733.0,,,,,,,,,,,,,1493788.0,,,,,,,,,,,,,,,56155.0,,,,,,,,,,,
201610,World,83506.0,501962.0,75581.0,,7512.0,,,,,,,,5108.0,4860815.0,9177.0,156439.0,2368410.0,,149214.0,,83232.0,,2811.0,137654.0,,,124078.0,,62578.0,,6748.0,,1038302.0,278580.0,226763.0,5697.0,,414849.0,,27050.0
201611,France,9528.0,,53533.0,,,,,,,,,,,737639.0,,,,,,,,,,,,,,,,,,,907712.0,,95036.0,,,,,
201611,Hungary,758.0,,,,,,,,,,,,,,,,,,,,,,,,,,,,,,,,,,,,,,,
201611,Italy,143292.0,254730.0,13391.0,,,,,,,,,,,,,2231.0,,,40213.0,5466.0,,,2701.0,296238.0,,,93424.0,,9832.0,,,,67267.0,189062.0,,,,234236.0,,
201611,Lithuania,1897.0,,,,,,,,,,,,,,,,,,,,25536.0,,,,,,,,,,,,,,,,,,,
201611,Netherlands,720.0,70854.0,2872.0,,,,,,,,,,,,,,,,,,,,,,,,,,,,,,4071.0,13043.0,14660.0,,,,,
201611,Poland,1287.0,,,,,,,,,,,,,1135947.0,,,,,1863.0,,3979.0,,,,,,,,65275.0,,,,,,,,,,,
201611,World,157482.0,406384.0,82177.0,,60570.0,,,,,3211.0,,4585.0,,2580382.0,,17346.0,4690276.0,,42076.0,5466.0,42591.0,,2701.0,301310.0,,2099.0,123267.0,,81805.0,,,,1217631.0,255151.0,129754.0,,,341102.0,,
201612,France,9058.0,,10398.0,,,,,,,,,,,575042.0,,,,,,,,,,,,,,,,,,,187761.0,,33723.0,,,,,
201612,Hungary,1081.0,,,,,,,,,,,,,,,,,,,,,,,,,,,,,,,,,,,,,,,
201612,Italy,16278.0,181631.0,11056.0,,,,,,,,,,,,,,,,37329.0,,,,3073.0,,,,8520.0,,38353.0,,,,,,6088.0,,,17878.0,,
201612,Lithuania,1818.0,,,,,,,,,,,,,,,,,,,,,,,,,,,,,,,,,,,,,,,
201612,Netherlands,851.0,,1936.0,,,,,,,,,,,,,,,,,,,,,,,,,,,,,,,7383.0,34555.0,,,,,
201612,Poland,668.0,,,,,,,,,,,,,468733.0,,,,,,,,,,,,,,,55693.0,,,,,,,,,,,
201612,World,29754.0,296113.0,23441.0,,36735.0,,,,,12530.0,19066.0,5136.0,,2132409.0,,22714.0,1212039.0,,39688.0,9637.0,6769.0,,3073.0,,,17683.0,26214.0,,212388.0,,3196.0,2034.0,335859.0,17263.0,78027.0,,,49653.0,,
201401,Spain,,6110.0,,,,,,,,,,,,,,,,,,,,,,,,,16857.0,,,,,,,,,,,,,
201401,Turkey,,3061.0,,,,,,,,,,,,,,,193481.0,,,,,,,,,,,,,,,,13052.0,12325.0,,,,,,
201403,Italy,,15936.0,,,,,,,,,,,,,,,,,,,,,,,,,,,,,,,,,8112.0,,,7779.0,,
201404,Spain,,6542.0,,,,,,,,,,,,,,,,,,,,,,,,,5763.0,,,,,,,,,,,,,
201405,Italy,,91266.0,,,,,,,,,,,,,,,,,,,,,,75859.0,,,,,,,,,,,,,,5253.0,,
201406,Spain,,363742.0,,,,,,,,,,,,,,,,,,,,,,,,,2179.0,,,,,,,,,,,,,
201407,Italy,,10967.0,,,,,,,,,,,,,,,,,,,,,,,,,,,,,,,,,,,,2678.0,,
201407,Spain,,237079.0,,,,,,,,,,,,,,,,,,,,,,,,,,,,,,,,,,,,,,
201408,Belgium,,21274.0,,,,,,,,,,,,,,,,,,,,,,,,,,,,,,,,,,,,,,
201408,Czechia,,2173.0,9841.0,,,,,,,,,,,283313.0,,,,,,,,,,,,,,,,,,,,,,,,,,
201409,Belgium,,17923.0,,,,,,,,,,,,,,,,,,,,,,,,,,,,,,,,,,,,,,
201409,Spain,,127800.0,,,,,,,,,,,,,,,,,,,,,,,,,,,,,,,,,2756.0,,,,,
201410,China,,5504.0,,,,,,,,,,,,,,,,,,,,,,,,,,,,,,,,,,,,,,
201410,Spain,,75088.0,,,,,,,,,,,,177892.0,,,,,,,,,,,,,4278.0,,,,,,,,3257.0,,,,,
201411,Spain,,141022.0,,,,,,,,,,,,,,,,,,,,,,,,,30319.0,,,,,,,,,,,,,
201412,Italy,,125236.0,29964.0,,,,,,,,,,,,,,,3241.0,,,,,3206.0,54873.0,,,,,,,,,18139.0,,,,,112411.0,,
201412,Spain,,180252.0,,,,,,,,,,,,40167.0,,,,,,,,,,,,,16988.0,,,,,,,,2108.0,,,,,
201501,Spain,,128031.0,,,,,,,,,,,,,,,,,,,,,,,,,40356.0,,,,,,,,3933.0,,,,,
201502,Italy,,7560.0,,,,,,,,,,,,,,,,,,,,,,,,,,,,,,,,,,,,13206.0,,
201502,Spain,,291560.0,,,,,,,,,,,,,,,,,,,,,,,,47507.0,8792.0,,,,,,,,,,,,,
201503,Spain,,247072.0,,,,,,,,,,,,,,,,,,,,,,,,,,,,,,,,,,,,,,
201503,USA,,5582.0,,,,,,,,,,,,,,,9199009.0,,62306.0,,,,,,,,,,,,,,,,,,,,,
201504,Italy,,233061.0,,,,,,,,,,,,,,,,,,,,,,73168.0,,,,,,,,,,,,,,,,
201504,USA,,29103.0,,,,,,,,,,,,104224.0,,,5960368.0,,,,,,,,,,,,,,,,,,,,,,,
201505,Italy,,46725.0,,,,,,,,,,,,,,,,,,,,,,,,,,,,,,,,,10484.0,,,,,
201505,Spain,,25088.0,,,,,,,,,,,,,,,,,,,,,,,,,102026.0,,,,,,,,2234.0,,,,,
201506,Spain,,2564.0,,,,,,,,,,,,,,,,,,,,,,,,,51397.0,,,,,,,,,,,,,
201507,Spain,,188339.0,,,,,,,,,,,,,,,,,,,,,,,,,,,,,,,,,,,,,,
201507,USA,,11876.0,,,,,,,,,,,,196463.0,,,,,,,,,,,,,,,,,,,,,,,,,,
201508,Belgium,,12130.0,,,,,,,,,,,,,,,,,,,,,,,,,,,,,,,,,,,,,,
201508,Italy,,21420.0,,,,,,,,,,,,,,,,,,,,,,,,,7407.0,,,,,,,,,,,,,
201509,Belgium,,19994.0,,,,,,,,,,,,,,,,,,,,,,,,,,,,,,,,,,,,,,
201509,Germany,,76386.0,,,,,,,,,,,,,,3007.0,,,,,,,,,,,,,,,,,,,,,,,,
201509,Spain,,327378.0,,,,,,,,,,,,,,,,,,,,,,,,,5248.0,,,,,,,,,,,,,
201510,Germany,,5073.0,,,,,,,,,,,,,,2337.0,,,,,,,,,,,6968.0,,,,,,,147913.0,36724.0,,,88319.0,,
201510,Spain,,391886.0,,,,,,,,,,,,,,,,,,,,,,,,,7827.0,,,,,,,,,,,,,
201510,Turkey,,13831.0,,,,,,,,,,,,,,,48585.0,,,,,,,,,,,,,,,,,,,,,35453.0,,164992.0
201511,Spain,,55565.0,,,,,,,,,,,,,,,,,,,,,,,,,17528.0,,,,,,,,,,,,,
201511,USA,,637643.0,,,5146.0,,,,,,,,5212.0,434295.0,,,1935369.0,,,,,,,,,,,,,,,,58492.0,,,,,,,
201512,Italy,,220729.0,3462.0,,,,,,,,,,,,,,,,,10905.0,,,,,,,10050.0,,,,,,8636.0,,,,,20721.0,,
201512,Spain,,225111.0,,,,,,,,,,,,,,,,,,,,,,,,,20967.0,,,,,,,,,,,,,
201601,China,,4622.0,,,,,,,,,,,,,,,,,,,,,,,,,,,,,,,,,,,,,,
201601,Greece,,6027.0,,,,,,,,,,,,,,,,,,,,,,,,,,,,,,,,,,,,,,
201601,Italy,,290632.0,,,,,,,,,,,,,,5930.0,,,,,,,,,,,10751.0,,,,,,,,,6376.0,,3303.0,,
201601,Spain,,221366.0,,,,,,,,,,,,,,,,,,,,,,,,,4671.0,,,,,,,,,,,,,
201602,Germany,,23099.0,43618.0,,,,,,,,,,,,,29086.0,,,,,,,,,,,,,,,,,,,,,,,,
201602,Spain,,390143.0,,,,,,,,,,,,,,,,,,,,,,,,,3369.0,,,,,,,,,,,,,
201603,Netherlands,,65934.0,,,,,,,,,,,,,,,,,,,,,,,,,,,,,,,,2629.0,36118.0,2592.0,,,,
201604,Italy,,11375.0,2589.0,,,,,,,,,,,,,,,,,,,,,,,,,,,,,,,,,,,3754.0,,
201604,Netherlands,,21335.0,,,,,,,,,,,,,,,,,,,,,,,,,,,,,,,,2464.0,34884.0,,,,,
201604,Spain,,150928.0,,,,,,,,,,,,,,,,,,,,,,,,,3513.0,,,,,,,,,,,,,
201604,Turkey,,8129.0,,,,,,,,,,,,,,,,,,,,,,,,,,,,,,,,,,,,,,
201605,Spain,,232570.0,,,,,,,,,,,,83475.0,,,,,,,,,,,,,2227.0,,,,,,,,,,,,,
201605,Turkey,,3097.0,,,,,,,,,,,,,,,5509.0,,,,,,,,,,,,,,,,,,,,,,,
201606,Georgia,,16978.0,,,,,,,,,,,,50423.0,,,,,14937.0,,,,,,,,,,,,,,,,,,,,,
201606,Spain,,5991.0,,,,,,,,,,,,,,,,,,,,,,,,,,,,,,,,,,,,,,
201607,Spain,,37115.0,,,,,,,,,,,,,,,,,,,,,,,,,,,,,,,,,,,,,,
201608,Belgium,,13645.0,,,,,,,,,,,,,,,,,,,,,,,,,,,,,,,,,,,,,,
201608,Spain,,159827.0,,,,,,,,,,,,,,,,,,,,,,,,,,,,,,,,,,,,,,
201609,Belgium,,5170.0,,,,,,,,,,,,,,,,,,,,,,,,,,,,,,,,,,,,,,
201609,Czechia,,5841.0,115363.0,,,,,,,,,,,,,,,,,,,,,,,,,,,,,,,,,,,,,
201609,Portugal,,18567.0,,,,,,,,,,,,,,,,,,,,,,,,,,,,,,,,,,,,,,
201609,Slovakia,,139169.0,,,,,,,,,,,,,,,,,,,,,,,,,,,,,,,,,,,,,,
201609,Spain,,2128.0,,,,,,,,,,,,,,,,,,,,,,,,,,,,,,,,,,,,,,
201609,Turkey,,2285.0,,,,,,,,,,,,,,,79623.0,,,,,,,,,,,,,,,,,,,,,,,
201610,Spain,,313229.0,,,,,,,,,,,,,,,,,,,,,,,,,12602.0,,,,,,,,,,,,,
201611,China,,7613.0,,,,,,,,,,,,,,,,,,,,,,,,,,,,,,,,,,,,,,
201611,Spain,,51985.0,,,,,,,,,,,,70561.0,,,,,,,,,,,,,19384.0,,,,,,,,,,,,,
201611,Turkey,,20993.0,,,,,,,,,,,,,,2515.0,,,,,,,,3388.0,,,,,,,,,,,,,,17191.0,,
201612,Belgium,,7625.0,,,,,,,,,,,,,,,,,,,,,,,,,,,,,,,,,,,,,,
201612,Spain,,89985.0,,,,,,,,,,,,,,,,,,,,,,,,,17694.0,,,,,,,,,,,,,
201612,Turkey,,16245.0,,,,,,,,12530.0,,,,,,,11289.0,,,,,,,,,,,,,,,,,,,,,31466.0,,
201403,France,,,10615.0,,,,,,,,,,,,,,,,,,,,,,,,,,,,,,68669.0,,,,,,,
201405,France,,,12056.0,,,,,,,,,,,61207.0,,,,,,,,,,,,,,,,,,,58823.0,,,,,,,
201409,Czechia,,,3548.0,,,,,,,,,2180.0,,129325.0,,,,,,,,,,,,,,,,,,,,,,,,,,
201409,United Kingdom,,,1871.0,,,,,,,,,,8444.0,,,,,,,,,,,,,,,,,,,,,,,,,,,
201410,Czechia,,,157728.0,,,,,,,,,,,,,,,,,,,,,,,,,,,,,,,,,,,,,
201509,Czechia,,,65997.0,,,,,,,,,,,,,,,,,,,,,,,,,,,,,,,,,,,,,
201510,Netherlands,,,9559.0,,,,,,,,,,,,,,,,,,,,,,,,,,,,,,5236.0,5287.0,40120.0,,,,,
201511,Germany,,,54701.0,,,,,,,,,,,27377.0,,3585.0,,,,,,,,,,,4438.0,,,,,,,30084.0,20070.0,,,41664.0,,
201601,Germany,,,29709.0,,,,,,,,,,,,,24229.0,,,,,,,,,,,8561.0,,80103.0,,,,4203.0,,,,,,,
201605,Germany,,,40134.0,,,,,,,,,,,,,13336.0,,,,,,,,,,,,,,,,,,,,,,,,
201606,Netherlands,,,10107.0,,,,,,,,,,,,,,,,,,,,,,,,,,,,,,,3127.0,27301.0,,,,,
201608,Czechia,,,11303.0,,,,,,,,,,,,,,,,,,,,,,,,,,,,,,,,,,,,,
201609,Netherlands,,,2507.0,,,,,,,,,,,,,,,,,,,,,,,,,,,,,,,3282.0,39986.0,,,,,
201610,France,,,23016.0,,,,,,,,,,,1341091.0,,,,,,,,,,28447.0,,,,,,,,,1032560.0,,147081.0,,,,,
201611,Luxembourg,,,12381.0,,,,,,,,,,,,,,,,,,,,,,,,,,,,,,,,,,,,,
201403,Turkey,,,,,12655.0,,,,,,,,,,,,15626.0,,,,,,,,,,,,,,,,,,,,,6279.0,,
201406,Turkey,,,,,11545.0,,,,,,,,,,,,,,,,,,,,,,,,,,,,,20184.0,,,,6905.0,,
201410,Turkey,,,,,16400.0,,,,,,,,,,,,,,,,,,,,,,,,,,,,,,,,,38912.0,,
201410,USA,,,,,58539.0,,,,,,,,1957.0,306721.0,,,7133435.0,,,,,,,,,,3689.0,,,,15208.0,,,,,2050.0,,,,
201411,USA,,,,,11849.0,,,,,,,,,1093175.0,,,9289966.0,,,,,,,,,9360.0,,,,,,,63769.0,,,,,,,
201412,Greece,,,,,29500.0,,,,,,13811.0,,,,,,,,,,,,,,,,,,,,,,,,,,,,,
201412,USA,,,,,9870.0,,,,,,,,,860643.0,,,9165011.0,,,,,,,,,37798.0,,,,,,63225.0,172720.0,,,,,,,
201510,Georgia,,,,,104957.0,,,,,,,,,287086.0,,,,,37683.0,,,,,,,181710.0,,,,,,,70017.0,,,,,,,
201510,USA,,,,,26465.0,,,,,,,,5455.0,,,,1883610.0,,,,,,,,,,,,,,,,,,,,,300738.0,,
201512,USA,,,,,10515.0,,,,,,,,,103980.0,,,34577.0,,39521.0,,,,,,,,,,,,,,95283.0,,,,,,,
201609,Chile,,,,,16828.0,,,,,,,,,,18249.0,,,,,,,,,,,,,,,,,,,,,,,,,
201610,Slovakia,,,,,5673.0,,,,,,,,,,,,,,,,,,,,,,,,,,,,,,,,,,,
201611,Chile,,,,,9721.0,,,,,,,,,,,,,,,,,,,,,,,,,,,,,,,,,,,
201611,Greece,,,,,50816.0,,,,,,,,,,,,,,,,,,,,,,,,,,,,,,,,,,,
201612,Chile,,,,,3166.0,,,,,,,,,,,,,,,,,,,,,,,,,,3196.0,,,,,,,,,
201612,Greece,,,,,11869.0,,,,,,,,,,,,,,,,,,,,,,,,,,,,,,,,,,,
201612,Slovakia,,,,,21668.0,,,,,,,,,,,,,,,,,,,,,,,,,,,,,,,,,,,
201408,USA,,,,,,2297.0,,,,,,,,,,,,,,,,,,,,,,,,,,,,,,,,,,
201409,Azerbaijan,,,,,,,662970.0,,,,,,,,,,,,,,,,,,,,,,,,,,,,,,,,,
201410,Azerbaijan,,,,,,,335160.0,,,,,,,,,,,,,,,,,,,,,,,,,,,,,,,,,
201603,"Areas, nes",,,,,,,,64800.0,,,,,,,,,,,,,,,,,,,,,,,,,,,,,,,,
201408,Bulgaria,,,,,,,,,,8655.0,,,,,,,,,,,,,,,,,,,4442.0,,,,,,,,,,,
201411,Bulgaria,,,,,,,,,,79225.0,,,,,,,,,,,,,,,,,,,8979.0,,,,,,,,,,,
201411,Turkey,,,,,,,,,,21961.0,,,,,,,,,,,,,,,,,,,,,,,,,,,,,,
201510,Bulgaria,,,,,,,,,,4258.0,,,,,,,,,,,,,,,,,,,2494.0,,,,,,,,,,,
201511,Bulgaria,,,,,,,,,,6034.0,,,,,,,,,,,,,,,,,,,3278.0,,,,,,,,,,,
201602,Azerbaijan,,,,,,,,,,3153.0,,,,,,,,,,,,,,,,,,,,,,,,,,,,,,
201611,Georgia,,,,,,,,,,3211.0,,,,74982.0,,,,,,,11852.0,,,,,,,,,,,,91411.0,,,,,,,
201401,Greece,,,,,,,,,,,7894.0,,,,,,,,,,,,,,,,,,,,,,,,,,,,,
201402,Greece,,,,,,,,,,,7921.0,,,,,,,,,,,,,,,,,,,,,,,,,,,,,
201405,Slovakia,,,,,,,,,,,3538.0,,,,,,,,,,,,,,,,,,,,,,,,,,,,,
201410,Greece,,,,,,,,,,,18997.0,,,,,,,,,,,,,,,,,,,,,,,,,,,,,
201411,Greece,,,,,,,,,,,22624.0,,,,,,,,,,,,,,,,,,,,,,,,,,,,,
201612,Romania,,,,,,,,,,,19066.0,,,83162.0,,,,,,,,,,,,,,,,,,,,,,,,,,
201407,Netherlands,,,,,,,,,,,,2799.0,,,,,,,,,,,,,,,,,,,,,,,108390.0,,,,,
201501,Czechia,,,,,,,,,,,,2577.0,,,,,,,,,,,,,,,,,,,,,,,,,,,,
201504,Netherlands,,,,,,,,,,,,3006.0,,,,,,,,,39091.0,,,,,,,,,,,,,5894.0,52347.0,,,,,
201512,Czechia,,,,,,,,,,,,4660.0,,,,,,,,,,,,,,,,,,,,,,,,,,,,
201605,Czechia,,,,,,,,,,,,2194.0,,,,,,,,,,,,,,,,,,,,,,,,,,,,
201611,Czechia,,,,,,,,,,,,4262.0,,,,,,,,,,,,,,,,,,,,,,,,,,,,
201612,Czechia,,,,,,,,,,,,4443.0,,,,,,,,,,,,,,,,,,,,,,,,,,,,
201401,United Kingdom,,,,,,,,,,,,,2423.0,,,,,,,,,,,,,,,,,,,,,,,,,,,
201402,United Kingdom,,,,,,,,,,,,,2140.0,,,,,,,,,,,,,,,,,,,,,,,,,,,
201403,United Kingdom,,,,,,,,,,,,,1891.0,,,,,,,,,,,,,,,,,,,,,,,,,,,
201404,United Kingdom,,,,,,,,,,,,,2680.0,,,,,,,,,,,,,,,,,,,,,,,,,,,
201405,United Kingdom,,,,,,,,,,,,,2642.0,,,,,,,,,,,,,,,,,,,,,,,,,,,
201406,United Kingdom,,,,,,,,,,,,,2403.0,,,,,,,,,,,,,,,,,,,,,,,,,,,
201407,United Kingdom,,,,,,,,,,,,,2642.0,,,,,,,,,,,,,,,,,,,,,,,,,,,
201408,United Kingdom,,,,,,,,,,,,,3481.0,,,,,,,,,,,,,,,,,,,,,,,,,,,
201409,USA,,,,,,,,,,,,,5258.0,,,,530311.0,,,,,,,,,,,,,,,,,,,,,,,
201410,United Kingdom,,,,,,,,,,,,,6328.0,,,,,,,,,,,,,,,,,,,,25701.0,,,,,,,
201411,United Kingdom,,,,,,,,,,,,,2043.0,7725.0,,,,,,,,,,,,,,,,,,,44750.0,,,,,,,
201502,United Kingdom,,,,,,,,,,,,,2172.0,,,,,,,,,,,,,,,,,,,,,,,,,15088.0,,
201503,United Kingdom,,,,,,,,,,,,,2306.0,,,,,,,,,,,,,,,,,,,,,,,,,,,
201509,United Kingdom,,,,,,,,,,,,,5985.0,,,,,,,,,,,,,,,,,,,,,,,,,,,
201510,United Kingdom,,,,,,,,,,,,,6330.0,,,,,,,,,,,,,,,,,,,,,,,,,,,
201602,United Kingdom,,,,,,,,,,,,,4560.0,,,,,,,,,,,,,,,,,,,,,,,,,,,
201605,United Kingdom,,,,,,,,,,,,,1932.0,51556.0,,,,,,,,,,,,,,,,,,,,,,,,,,
201607,"Areas, nes",,,,,,,,,,,,,2681.0,,,,,,,,,,,,,,,,,,,,,,,,,,,
201609,United Kingdom,,,,,,,,,,,,,3499.0,31741.0,,,,,,,,,,,,,,,,,,,,,,,,,,
201610,USA,,,,,,,,,,,,,4006.0,,,,2337789.0,,,,,,,,,,,,,,,,,,,,,,,
201402,France,,,,,,,,,,,,,,4895.0,,,,,,,,,,,,,,,,,,,73573.0,,,,,,,
201402,USA,,,,,,,,,,,,,,51395.0,,,1077806.0,,,,,,,,,,,,,,,,47146.0,,,,,,,
201404,Chile,,,,,,,,,,,,,,4609913.0,,,,,,,,,,,,,,,,,,,,,,,,,,
201405,Chile,,,,,,,,,,,,,,6321004.0,,,,,,,,,,,,,,,,,,,,,,,,,,709978.0
201405,Rep. of Moldova,,,,,,,,,,,,,,34426.0,,,,,,,,,,,,,,,,,,,,,,,,,,
201405,Spain,,,,,,,,,,,,,,127017.0,,,,,,,,,,,,,,,,,,,,,2434.0,,,,,
201406,Chile,,,,,,,,,,,,,,9068724.0,,,,,,,,,,,,,,,,,,,,,,,,,,2416434.0
201406,USA,,,,,,,,,,,,,,132319.0,,,8767.0,,,,,,,,,,,,,,,,,,,,,,,
201407,Chile,,,,,,,,,,,,,,6591887.0,,,213372.0,,,,,,,,,,,,,,,,,,,,,,,
201407,Croatia,,,,,,,,,,,,,,31004.0,,,,,,,,,,,,,,,,,,,,,,,,,,
201407,Czechia,,,,,,,,,,,,,,209444.0,,,,,,,,,,,,,,,,,,,,,,,,,,
201407,Germany,,,,,,,,,,,,,,5759.0,,,,,,,,,,,,,,,,,,,,,,,,,,
201407,Malta,,,,,,,,,,,,,,356536.0,,,,,,,,,,,,,,,,,,,,,,,,,,
201407,USA,,,,,,,,,,,,,,77402.0,,,1307989.0,,,,,,,,,,,,,,,,177835.0,,,,,,,
201408,Chile,,,,,,,,,,,,,,3229089.0,,,,,,,,,,,,,,,,,,,,,,,,,,
201408,Malta,,,,,,,,,,,,,,113106.0,,,,,,,,,,,,,,,,,,,,,,,,,,
201408,Spain,,,,,,,,,,,,,,37644.0,,,,,,,,,,,,,,,,,,,,,7138.0,,,,,
201409,Chile,,,,,,,,,,,,,,142581.0,,,,,,,,,,,,,,,,,,,,,,,,,,
201409,Croatia,,,,,,,,,,,,,,275092.0,,,,,,,,,,,,,,,,,,,,,,,,,,
201409,Malta,,,,,,,,,,,,,,416088.0,,,,,,,,,,,,,,,,,,,,,,,,,,
201410,Chile,,,,,,,,,,,,,,45943.0,,,,,,,,,,,,,,,,,,,,,,,,,,4640.0
201410,Croatia,,,,,,,,,,,,,,47014.0,,,,,,,,,,,,,,,,,,,,,,,,,,
201410,Romania,,,,,,,,,,,,,,2408.0,,,,,,,,,,,,,,,,,,,,,,,,,,
201411,Argentina,,,,,,,,,,,,,,121982.0,,,,,,,,,,,,,,,,,,,,,,,,,,
201411,Croatia,,,,,,,,,,,,,,71174.0,,,,,,,,,,,,,,,,,,,,,,,,,,
201411,Germany,,,,,,,,,,,,,,78757.0,,5949.0,,,,,,,,48529.0,,,9524.0,,,,,,,,21012.0,,,,,
201411,Romania,,,,,,,,,,,,,,389665.0,,,,,,,,,,,,,,,,,,,,,,,,,,
201412,Germany,,,,,,,,,,,,,,90201.0,,2577.0,,,67122.0,,,,,,,,2354.0,,62524.0,,,,,,5313.0,,,,,
201501,Germany,,,,,,,,,,,,,,159208.0,,,,,,,,,,,,,19770.0,,,,,,,,,,,,,
201501,USA,,,,,,,,,,,,,,128176.0,,,5464945.0,,116670.0,,,,,,,,,,,,,,98569.0,,,,,,,
201502,USA,,,,,,,,,,,,,,95419.0,,,1280330.0,,,,,,,,,,,,,,,,,,,,,,,
201504,Austria,,,,,,,,,,,,,,226567.0,,,,,,,,,,,,,,,,,,,,,,,,,,
201504,Belgium,,,,,,,,,,,,,,20489.0,,,,,,,,,,,,,,,,,,,,,,,,,,
201504,Chile,,,,,,,,,,,,,,5508116.0,,,,,,,,,,,,,,,,,,,,,,,,,,
201504,Germany,,,,,,,,,,,,,,57452.0,,2328.0,,,,,,,,,,,,,10266.0,,,,,,52903.0,,,,,
201505,Chile,,,,,,,,,,,,,,11101246.0,,,,,,,,,,,,,,,,,,,,,,,,,,760992.0
201505,Germany,,,,,,,,,,,,,,37807.0,,,,,,,,,,,,,,,24117.0,,,,,,11252.0,,,,,
201505,Poland,,,,,,,,,,,,,,46273.0,,,,,,,,,,,,,,,,,,,,,12916.0,,,,,
201505,Turkey,,,,,,,,,,,,,,19847.0,,,,,,,,,,,,,,,,,,,,,,,,,,
201505,USA,,,,,,,,,,,,,,286484.0,,,1211423.0,,,,,,,,,,,,,,,,,,,,,,,
201506,Chile,,,,,,,,,,,,,,4486481.0,22243.0,,,,,,,,,,,,,,,,,,,,,,,,,3511739.0
201506,USA,,,,,,,,,,,,,,133407.0,,,435088.0,,,,,,,,,,,,,,,,,,,,,,,
201507,Chile,,,,,,,,,,,,,,492633.0,67402.0,,,,,,,,,123078.0,,,,,,,,,,,,,,,,1296535.0
201507,China,,,,,,,,,,,,,,2360.0,,,,,,,,,,,,,,,,,,,,,,,,,,
201507,Sweden,,,,,,,,,,,,,,10760.0,,,,,,,,,,,,,,,,,,,,,,,,,,
201507,United Kingdom,,,,,,,,,,,,,,120098.0,,,,,,,,,,,,,,,,,,,,,,,,3246.0,,
201509,Chile,,,,,,,,,,,,,,138727.0,,,,,,,,,,,,,,,,,43825.0,,,,,,,,,
201509,Romania,,,,,,,,,,,,,,634470.0,,,,,,,,,,,,,,,,,,,,,,,,,,
201510,Croatia,,,,,,,,,,,,,,38368.0,,,,,,,,,,,,,,,,,,,,,,,,,,
201511,Croatia,,,,,,,,,,,,,,30091.0,,,,,,,,,,,,,,,,,,,,,,,,,,
201511,Georgia,,,,,,,,,,,,,,1018295.0,,,,,17524.0,29124.0,7565.0,,,,,34527.0,,,,,,,,,,,,,,50500.0
201511,Romania,,,,,,,,,,,,,,146328.0,,,,,,,,,,,,,,,,,,,,,,,,,,
201512,Georgia,,,,,,,,,,,,,,215144.0,,,,,4278.0,,,,,,,,,,,,,,41768.0,,,,,,,
201512,Luxembourg,,,,,,,,,,,,,,5388.0,,,,,,,,,,,,,,,,,,,,,,,,,,
201601,Austria,,,,,,,,,,,,,,2413.0,,,,,,,,,,,,,,,,,,,,,,,,,,
201603,Austria,,,,,,,,,,,,,,4860.0,,,,,,,,,,,,,,,,,,,,,,,,,,
201603,Luxembourg,,,,,,,,,,,,,,11268.0,,,,,,,,,,,,,,,,,,,,,,,,,,
201603,Rep. of Moldova,,,,,,,,,,,,,,31079.0,,,,,,,,,,,,,,,,,,,,,,,,,,
201603,USA,,,,,,,,,,,,,,207136.0,,,42266.0,,,,,,,,,,,,,,,,,,,,,,,
201604,Argentina,,,,,,,,,,,,,,435763.0,,,,,,,,,,,,,,,,,,,,,,,,,,
201604,Austria,,,,,,,,,,,,,,2357.0,,,,,,,,,,,,,,,,,,,,,,,,,,
201604,Rep. of Moldova,,,,,,,,,,,,,,54609.0,,,,,,,,,,,,,,,,,,,,,,,,,,
201606,Chile,,,,,,,,,,,,,,49040.0,,,,,,,,,,,,,,,,,,,,,,,,,,
201607,Austria,,,,,,,,,,,,,,2436.0,,,,,,,,,,,,,,,,,,,,,,,,,,
201608,Austria,,,,,,,,,,,,,,3145.0,,,,,,,,,,,,,,,,,,,,,,,,,,
201608,Georgia,,,,,,,,,,,,,,46741.0,,,,,,,,,,,,31762.0,,,,,,,,,,,,,,
201608,Romania,,,,,,,,,,,,,,2177.0,,,,,,,,,,,,,,,,,,,,,,,,,,
201609,Austria,,,,,,,,,,,,,,3766.0,,,,,,,,,,,,,,,,,,,,,,,,,,
201609,Croatia,,,,,,,,,,,,,,210749.0,,,,,,,,,,,,,,,,,,,,,,,,,,
201609,Georgia,,,,,,,,,,,,,,68208.0,,,,,,,,,,,,,,,,,,,,,,,,,,
201610,Austria,,,,,,,,,,,,,,2147.0,,,,,,,,,,,,,,,,,,,,,,,,,,
201610,Croatia,,,,,,,,,,,,,,54979.0,,,,,,,,,,,,,,,,,,,,,,,,,,
201610,Georgia,,,,,,,,,,,,,,278229.0,,,,,,,19909.0,,,,,,,,,,,,,,,,,,,
201610,Romania,,,,,,,,,,,,,,1680962.0,,,,,,,,,,,,,,,,,,,,,,,,,,
201610,Turkey,,,,,,,,,,,,,,9619.0,,,30621.0,,,,,,,,,,,,,,,,,,,,,31211.0,,
201611,Austria,,,,,,,,,,,,,,3268.0,,,,,,,,,,,,,,,,,,,,,,,,,,
201611,Croatia,,,,,,,,,,,,,,41954.0,,,,,,,,,,,,,,,,,,,,,,,,,,
201611,Germany,,,,,,,,,,,,,,53293.0,,12313.0,,,,,,,,,,,10459.0,,,,,,,17207.0,16101.0,,,79219.0,,
201611,Romania,,,,,,,,,,,,,,362815.0,,,,,,,,,,,,,,,,,,,,,,,,,,
201611,Slovenia,,,,,,,,,,,,,,9827.0,,,,,,,,,,,,,,,,,,,,,,,,,,
201611,USA,,,,,,,,,,,,,,88808.0,,,4690098.0,,,,,,,,,2099.0,,,,,,,147170.0,,,,,,,
201612,Austria,,,,,,,,,,,,,,7399.0,,,,,,,,,,,,,,,,,,,,,,,,,,
201612,Canada,,,,,,,,,,,,,,3121.0,,,,,,,,,,,,,,,,,,,,,,,,,,
201612,Germany,,,,,,,,,,,,,,259864.0,,21339.0,,,,,,,,,,,,,113896.0,,,,,,,,,,,
201612,USA,,,,,,,,,,,,,,735089.0,,,1200611.0,,,,,,,,,17683.0,,,,,,,148037.0,,,,,,,
201412,Turkey,,,,,,,,,,,,,,,28564.0,,2556775.0,,,,,,,,,,,,,,,,,59786.0,,,,6270.0,,
201610,Chile,,,,,,,,,,,,,,,9177.0,,,,,,,,,,,,,,,,6748.0,,,,,,,,,
201401,Serbia,,,,,,,,,,,,,,,,4464.0,,,,,,,,,,,,,,,,,,,,,,,,
201404,Germany,,,,,,,,,,,,,,,,2334.0,,,,,,,,,,,,,,,,,,,5457.0,,,,,
201410,Germany,,,,,,,,,,,,,,,,2002.0,,,,,,,,,,,,,,,,,51947.0,57428.0,43434.0,2375.0,,,,
201507,Germany,,,,,,,,,,,,,,,,18583.0,,,,,,,,,,,,,,,,,,,130343.0,,,,,
201604,Germany,,,,,,,,,,,,,,,,1984.0,,,,,,,,,,,,,1916.0,,,,,,16982.0,,,,,
201606,Germany,,,,,,,,,,,,,,,,12475.0,,,,,,,,,,,,,5266.0,,,,,,,,,,,
201607,Germany,,,,,,,,,,,,,,,,10062.0,,,,,,,,,,,,,,,,,,,25694.0,,,,,
201608,Germany,,,,,,,,,,,,,,,,3666.0,,,,,,,,,,,,,,,,,,,,,,,,
201609,Germany,,,,,,,,,,,,,,,,6024.0,,,,,,,,,,,,,,,,,,,,,,,,
201610,Germany,,,,,,,,,,,,,,,,154729.0,,,,,,,,,,,,,2440.0,,,,,176824.0,,5023.0,,38069.0,,
201401,USA,,,,,,,,,,,,,,,,,3482289.0,,,,,,,,,,,,,,,,,,,,,,,
201402,Canada,,,,,,,,,,,,,,,,,27074.0,,,,,,,,,,,,,,,,,,,,,,,
201402,Turkey,,,,,,,,,,,,,,,,,3259.0,,,,,,,,,,,,,,,,,,,,,12171.0,,
201403,USA,,,,,,,,,,,,,,,,,1506891.0,,,,,,,,,,,,,,,,47756.0,,,,,,,
201404,USA,,,,,,,,,,,,,,,,,214638.0,,,,,,,,,,,,,,,,,,,,,,,
201405,Turkey,,,,,,,,,,,,,,,,,4532.0,,,28911.0,,,,,,,,,,,,,,20529.0,,,,,,
201406,New Zealand,,,,,,,,,,,,,,,,,221797.0,,,,,,,,,,,,,,,,,,,,,,,
201508,Chile,,,,,,,,,,,,,,,,,383841.0,,,,,,,,,,,,,,,,,,,,,,,
201601,USA,,,,,,,,,,,,,,,,,14870.0,,9903.0,,,,,,,,,,,,,,,,,,,,,
201606,USA,,,,,,,,,,,,,,,,,12745.0,,,,,,,,,,,,,,,,,,,,,,,
201608,Turkey,,,,,,,,,,,,,,,,,20230.0,,,,,,,,,,,,,,,,,,,,,,,
201608,USA,,,,,,,,,,,,,,,,,22163.0,,,,,,,,,,,,,,,,,,,,,,,
201507,Italy,,,,,,,,,,,,,,,,,,4084.0,,,,,,,,,,,,,,,,,,,,,,
201508,Slovenia,,,,,,,,,,,,,,,,,,6280.0,,,,,,,,,,,,,,,,,,,,,,
201401,Georgia,,,,,,,,,,,,,,,,,,,9206.0,,,,,,,,,,,,,,,,,,,,,
201401,Netherlands,,,,,,,,,,,,,,,,,,,4897.0,,,,,,,,,,,,,,,3698.0,6932.0,,,,,
201402,Georgia,,,,,,,,,,,,,,,,,,,22095.0,,,,,,,,,,,,,,,,,2841.0,,,,
201408,Georgia,,,,,,,,,,,,,,,,,,,12716.0,,,,,,,,,,,,,,,,,,,,,
201409,Georgia,,,,,,,,,,,,,,,,,,,16655.0,5398.0,8935.0,,,,,,,,,,150679.0,,,,,,,,,
201409,Germany,,,,,,,,,,,,,,,,,,,9334.0,,,,,18513.0,,,,,,,,,38716.0,,16780.0,,,,,
201409,Latvia,,,,,,,,,,,,,,,,,,,58612.0,,,,,,,,,,,,,,,,,,,,,
201410,Georgia,,,,,,,,,,,,,,,,,,,70219.0,5376.0,,,,,,,13207.0,,,,,,,,,,,,,
201411,Estonia,,,,,,,,,,,,,,,,,,,18866.0,,,,,,,,,,,,,,,,,,,,,
201411,Georgia,,,,,,,,,,,,,,,,,,,96138.0,38911.0,66260.0,,,,,,14621.0,,,,,,,,,,,,,
201412,Estonia,,,,,,,,,,,,,,,,,,,10537.0,,,,,,,,,,,,,,,,,,,,,
201509,Georgia,,,,,,,,,,,,,,,,,,,3557.0,,,,,,,4500.0,,,,,,,,,,,,,,
201602,Georgia,,,,,,,,,,,,,,,,,,,29144.0,,,,,,,,,,,,,,,,,,,,,
201603,Estonia,,,,,,,,,,,,,,,,,,,5612.0,,,,,,,,,,,,,,,,,,,,,
201604,Georgia,,,,,,,,,,,,,,,,,,,5061.0,,,,,,,,,,,,,,,,,,,,,
201610,Latvia,,,,,,,,,,,,,,,,,,,4044.0,,,,,,,,,,,,,,,,,,,,,
201403,Georgia,,,,,,,,,,,,,,,,,,,,2602.0,,,,,,,,,,,,,,,,,,,,
201404,Latvia,,,,,,,,,,,,,,,,,,,,2717.0,,,,,,,,,,,,,,,,,,,,
201412,Georgia,,,,,,,,,,,,,,,,,,,,50308.0,,,,,,,,,,,,,,,,,,,,
201612,Georgia,,,,,,,,,,,,,,,,,,,,8707.0,5991.0,,,,,,,,,,,,,,,,,,,
201510,Lithuania,,,,,,,,,,,,,,,,,,,,,70888.0,,,,,,,,,,,,,4806.0,2008.0,,,,,
201402,Netherlands,,,,,,,,,,,,,,,,,,,,,,,6719.0,,,,,,,,,,149959.0,,69612.0,,,,,
201403,Netherlands,,,,,,,,,,,,,,,,,,,,,,,8003.0,,,,,,,,,,,3430.0,8744.0,,,,,
201505,Georgia,,,,,,,,,,,,,,,,,,,,,,,,331088.0,,,,,,,,,,,,,,,,
201506,Germany,,,,,,,,,,,,,,,,,,,,,,,,40423.0,,,,,17122.0,,,,,,,,,,,
201403,Germany,,,,,,,,,,,,,,,,,,,,,,,,,,1892.0,,,,,,,,,2006.0,,,,,
201407,Slovakia,,,,,,,,,,,,,,,,,,,,,,,,,,20259.0,,,,,,,,,,,,,,
201409,Slovakia,,,,,,,,,,,,,,,,,,,,,,,,,,117855.0,,,,,,,,,,,,,,
201412,Slovakia,,,,,,,,,,,,,,,,,,,,,,,,,,33872.0,,,,,,,,,,,,,,
201506,Slovakia,,,,,,,,,,,,,,,,,,,,,,,,,,12346.0,,,,,,,,,,,,,,
201507,Slovakia,,,,,,,,,,,,,,,,,,,,,,,,,,22999.0,,,,,,,,,,,,,,
201510,Slovakia,,,,,,,,,,,,,,,,,,,,,,,,,,37731.0,,,12606.0,,108635.0,,,,,,,,,
201511,Slovakia,,,,,,,,,,,,,,,,,,,,,,,,,,43217.0,,,,,31659.0,,,,,,,,,
201504,Spain,,,,,,,,,,,,,,,,,,,,,,,,,,,2955.0,,,,,,,,,,,,,
201508,Spain,,,,,,,,,,,,,,,,,,,,,,,,,,,82834.0,,,,,,,,,,,,,
201501,Georgia,,,,,,,,,,,,,,,,,,,,,,,,,,,,39950.0,,,,,,,,,,,,
201503,Turkey,,,,,,,,,,,,,,,,,,,,,,,,,,,,4799.0,,,,,,,,,,,,
201406,Bulgaria,,,,,,,,,,,,,,,,,,,,,,,,,,,,,3192.0,,,,,,,,,,,
201407,Bulgaria,,,,,,,,,,,,,,,,,,,,,,,,,,,,,12657.0,,,,,,,,,,,
201409,Bulgaria,,,,,,,,,,,,,,,,,,,,,,,,,,,,,3147.0,,,,,,,,,,,
201411,Hungary,,,,,,,,,,,,,,,,,,,,,,,,,,,,,25098.0,,8273.0,,,,,,,,,
201412,Bulgaria,,,,,,,,,,,,,,,,,,,,,,,,,,,,,5673.0,,,,,,,,,,,
201501,Bulgaria,,,,,,,,,,,,,,,,,,,,,,,,,,,,,3834.0,,,,,,,,,,,
201502,Bulgaria,,,,,,,,,,,,,,,,,,,,,,,,,,,,,2133.0,,,,,,,,,,,
201504,Bulgaria,,,,,,,,,,,,,,,,,,,,,,,,,,,,,2745.0,,,,,,,,,,,
201506,Bulgaria,,,,,,,,,,,,,,,,,,,,,,,,,,,,,1929.0,,,,,,,,,,,
201507,Bulgaria,,,,,,,,,,,,,,,,,,,,,,,,,,,,,2716.0,,,,,,,,,,,
201507,Netherlands,,,,,,,,,,,,,,,,,,,,,,,,,,,,,13338.0,,,,,5506.0,87225.0,,,,,
201508,Germany,,,,,,,,,,,,,,,,,,,,,,,,,,,,,4656.0,,,,,,,,,,,
201510,Rep. of Moldova,,,,,,,,,,,,,,,,,,,,,,,,,,,,,4988.0,,,,,,,,,,,
201512,Bulgaria,,,,,,,,,,,,,,,,,,,,,,,,,,,,,2719.0,,,,,,,,,,,
201603,Bulgaria,,,,,,,,,,,,,,,,,,,,,,,,,,,,,2153.0,,,,,,,,,,,
201604,Bulgaria,,,,,,,,,,,,,,,,,,,,,,,,,,,,,1905.0,,,,,,,,,,,
201608,Bulgaria,,,,,,,,,,,,,,,,,,,,,,,,,,,,,2242.0,,,,,,,,,,,
201610,Bulgaria,,,,,,,,,,,,,,,,,,,,,,,,,,,,,3983.0,,,,,,,,,,,
201611,Bulgaria,,,,,,,,,,,,,,,,,,,,,,,,,,,,,5206.0,,,,,,,,,,,
201612,Bulgaria,,,,,,,,,,,,,,,,,,,,,,,,,,,,,3863.0,,,,,,,,,,,
201508,Slovakia,,,,,,,,,,,,,,,,,,,,,,,,,,,,,,,63091.0,,,,,,,,,
201509,"Other Europe, nes",,,,,,,,,,,,,,,,,,,,,,,,,,,,,,,28886.0,,,,,,,,,
201509,Slovakia,,,,,,,,,,,,,,,,,,,,,,,,,,,,,,,47286.0,,,,,,,,,
201510,Hungary,,,,,,,,,,,,,,,,,,,,,,,,,,,,,,,82844.0,,,,,,,,,
201510,"Other Europe, nes",,,,,,,,,,,,,,,,,,,,,,,,,,,,,,,3188.0,,,,,,,,,
201601,Slovakia,,,,,,,,,,,,,,,,,,,,,,,,,,,,,,,4209.0,,,,,,,,,
201405,Germany,,,,,,,,,,,,,,,,,,,,,,,,,,,,,,,,,8123.0,,5937.0,,,,,
201405,USA,,,,,,,,,,,,,,,,,,,,,,,,,,,,,,,,,92119.0,,,,,,,
201409,Portugal,,,,,,,,,,,,,,,,,,,,,,,,,,,,,,,,,45824.0,,,,,,,
201412,United Kingdom,,,,,,,,,,,,,,,,,,,,,,,,,,,,,,,,,33664.0,,,,,6491.0,,
201502,Portugal,,,,,,,,,,,,,,,,,,,,,,,,,,,,,,,,,4517.0,,,,,,,
201502,Turkey,,,,,,,,,,,,,,,,,,,,,,,,,,,,,,,,,173803.0,,,2620.0,,,,
201604,USA,,,,,,,,,,,,,,,,,,,,,,,,,,,,,,,,,112903.0,,,,,,,
201607,USA,,,,,,,,,,,,,,,,,,,,,,,,,,,,,,,,,58486.0,,,,,,,
201405,Netherlands,,,,,,,,,,,,,,,,,,,,,,,,,,,,,,,,,,3802.0,,,,,,
201406,Netherlands,,,,,,,,,,,,,,,,,,,,,,,,,,,,,,,,,,4336.0,10880.0,,,,,
201408,Denmark,,,,,,,,,,,,,,,,,,,,,,,,,,,,,,,,,,30870.0,,,,,,
201409,Turkey,,,,,,,,,,,,,,,,,,,,,,,,,,,,,,,,,,23013.0,,,,4986.0,,
201412,Denmark,,,,,,,,,,,,,,,,,,,,,,,,,,,,,,,,,,11144.0,,,,,,
201501,Denmark,,,,,,,,,,,,,,,,,,,,,,,,,,,,,,,,,,7896.0,,,,,,
201501,Turkey,,,,,,,,,,,,,,,,,,,,,,,,,,,,,,,,,,34544.0,,,,4872.0,,
201502,Denmark,,,,,,,,,,,,,,,,,,,,,,,,,,,,,,,,,,5142.0,,,,,,
201502,Netherlands,,,,,,,,,,,,,,,,,,,,,,,,,,,,,,,,,,6817.0,52802.0,,,,,
201503,Denmark,,,,,,,,,,,,,,,,,,,,,,,,,,,,,,,,,,7501.0,,,,41531.0,,
201503,Netherlands,,,,,,,,,,,,,,,,,,,,,,,,,,,,,,,,,,3164.0,57166.0,,,,,
201504,Denmark,,,,,,,,,,,,,,,,,,,,,,,,,,,,,,,,,,12366.0,,,,,,
201504,Turkey,,,,,,,,,,,,,,,,,,,,,,,,,,,,,,,,,,41951.0,,,,,,
201505,Denmark,,,,,,,,,,,,,,,,,,,,,,,,,,,,,,,,,,15457.0,,,,,,
201505,Netherlands,,,,,,,,,,,,,,,,,,,,,,,,,,,,,,,,,,8388.0,52968.0,,,,,
201506,Denmark,,,,,,,,,,,,,,,,,,,,,,,,,,,,,,,,,,10278.0,,,,,,
201506,Netherlands,,,,,,,,,,,,,,,,,,,,,,,,,,,,,,,,,,4232.0,6514.0,,,,,
201507,Denmark,,,,,,,,,,,,,,,,,,,,,,,,,,,,,,,,,,14995.0,,,,,,
201508,Denmark,,,,,,,,,,,,,,,,,,,,,,,,,,,,,,,,,,8544.0,,,,,,
201508,Netherlands,,,,,,,,,,,,,,,,,,,,,,,,,,,,,,,,,,3511.0,,,,,,
201508,Turkey,,,,,,,,,,,,,,,,,,,,,,,,,,,,,,,,,,16151.0,,,,,,
201509,Denmark,,,,,,,,,,,,,,,,,,,,,,,,,,,,,,,,,,15650.0,,,,,,
201601,Netherlands,,,,,,,,,,,,,,,,,,,,,,,,,,,,,,,,,,4680.0,5944.0,,,,,
201602,Netherlands,,,,,,,,,,,,,,,,,,,,,,,,,,,,,,,,,,3183.0,64298.0,,,,,
201603,Denmark,,,,,,,,,,,,,,,,,,,,,,,,,,,,,,,,,,14462.0,,,,,,
201605,Denmark,,,,,,,,,,,,,,,,,,,,,,,,,,,,,,,,,,13871.0,,,,,,
201605,Netherlands,,,,,,,,,,,,,,,,,,,,,,,,,,,,,,,,,,3772.0,37460.0,,,,,
201608,Denmark,,,,,,,,,,,,,,,,,,,,,,,,,,,,,,,,,,17718.0,,,,,,
201609,Denmark,,,,,,,,,,,,,,,,,,,,,,,,,,,,,,,,,,17582.0,,,,,,
201610,Denmark,,,,,,,,,,,,,,,,,,,,,,,,,,,,,,,,,,14877.0,,,,,,
201610,Netherlands,,,,,,,,,,,,,,,,,,,,,,,,,,,,,,,,,,3975.0,59456.0,,,,,
201611,Denmark,,,,,,,,,,,,,,,,,,,,,,,,,,,,,,,,,,35840.0,,,,,,
201612,Denmark,,,,,,,,,,,,,,,,,,,,,,,,,,,,,,,,,,9012.0,,,,,,
201401,Germany,,,,,,,,,,,,,,,,,,,,,,,,,,,,,,,,,,,3215.0,,,,,
201402,Spain,,,,,,,,,,,,,,,,,,,,,,,,,,,,,,,,,,,1956.0,,,,,
201404,Netherlands,,,,,,,,,,,,,,,,,,,,,,,,,,,,,,,,,,,17769.0,,,,,
201404,Poland,,,,,,,,,,,,,,,,,,,,,,,,,,,,,,,,,,,2446.0,,,,,
201406,Germany,,,,,,,,,,,,,,,,,,,,,,,,,,,,,,,,,,,24992.0,,,,,
201408,Germany,,,,,,,,,,,,,,,,,,,,,,,,,,,,,,,,,,,7348.0,,,,,
201410,Morocco,,,,,,,,,,,,,,,,,,,,,,,,,,,,,,,,,,,120703.0,,,,,
201501,Finland,,,,,,,,,,,,,,,,,,,,,,,,,,,,,,,,,,,2389.0,,,,,
201502,Germany,,,,,,,,,,,,,,,,,,,,,,,,,,,,,,,,,,,9969.0,,,,,
201503,Finland,,,,,,,,,,,,,,,,,,,,,,,,,,,,,,,,,,,2204.0,,,,,
201504,Finland,,,,,,,,,,,,,,,,,,,,,,,,,,,,,,,,,,,2597.0,,,,,
201505,Finland,,,,,,,,,,,,,,,,,,,,,,,,,,,,,,,,,,,2430.0,,,,,
201506,Finland,,,,,,,,,,,,,,,,,,,,,,,,,,,,,,,,,,,2290.0,,,,,
201506,Poland,,,,,,,,,,,,,,,,,,,,,,,,,,,,,,,,,,,12961.0,,,,,
201507,Finland,,,,,,,,,,,,,,,,,,,,,,,,,,,,,,,,,,,2507.0,,,,,
201508,Finland,,,,,,,,,,,,,,,,,,,,,,,,,,,,,,,,,,,2529.0,,,,,
201509,Finland,,,,,,,,,,,,,,,,,,,,,,,,,,,,,,,,,,,2351.0,,,,,
201510,Finland,,,,,,,,,,,,,,,,,,,,,,,,,,,,,,,,,,,2839.0,,,,,
201511,Finland,,,,,,,,,,,,,,,,,,,,,,,,,,,,,,,,,,,2552.0,,,,,
201512,Finland,,,,,,,,,,,,,,,,,,,,,,,,,,,,,,,,,,,2173.0,,,,,
201604,Finland,,,,,,,,,,,,,,,,,,,,,,,,,,,,,,,,,,,2638.0,,,,,
201605,Finland,,,,,,,,,,,,,,,,,,,,,,,,,,,,,,,,,,,2044.0,,,,,
201607,Finland,,,,,,,,,,,,,,,,,,,,,,,,,,,,,,,,,,,2003.0,,,,,
201607,Netherlands,,,,,,,,,,,,,,,,,,,,,,,,,,,,,,,,,,,45561.0,,,,,
201608,Finland,,,,,,,,,,,,,,,,,,,,,,,,,,,,,,,,,,,2249.0,,,,,
201609,Finland,,,,,,,,,,,,,,,,,,,,,,,,,,,,,,,,,,,1922.0,,,,,
201610,Finland,,,,,,,,,,,,,,,,,,,,,,,,,,,,,,,,,,,2303.0,,,,,
201610,Norway,,,,,,,,,,,,,,,,,,,,,,,,,,,,,,,,,,,15526.0,,,,,
201611,Finland,,,,,,,,,,,,,,,,,,,,,,,,,,,,,,,,,,,2046.0,,,,,
201406,Lithuania,,,,,,,,,,,,,,,,,,,,,,,,,,,,,,,,,,,,11783.0,,,,
201412,Sweden,,,,,,,,,,,,,,,,,,,,,,,,,,,,,,,,,,,,3001.0,,,,
201511,Sweden,,,,,,,,,,,,,,,,,,,,,,,,,,,,,,,,,,,,9455.0,,,,
201512,Sweden,,,,,,,,,,,,,,,,,,,,,,,,,,,,,,,,,,,,2787.0,,,,
201602,Sweden,,,,,,,,,,,,,,,,,,,,,,,,,,,,,,,,,,,,5661.0,,,,
201604,Sweden,,,,,,,,,,,,,,,,,,,,,,,,,,,,,,,,,,,,3386.0,,,,
201605,Sweden,,,,,,,,,,,,,,,,,,,,,,,,,,,,,,,,,,,,7928.0,,,,
201606,Sweden,,,,,,,,,,,,,,,,,,,,,,,,,,,,,,,,,,,,6478.0,,,,
201608,Sweden,,,,,,,,,,,,,,,,,,,,,,,,,,,,,,,,,,,,2075.0,,,,
201609,Sweden,,,,,,,,,,,,,,,,,,,,,,,,,,,,,,,,,,,,7931.0,,,,
201401,Denmark,,,,,,,,,,,,,,,,,,,,,,,,,,,,,,,,,,,,,,2362.0,,
201403,Denmark,,,,,,,,,,,,,,,,,,,,,,,,,,,,,,,,,,,,,,16850.0,,
201407,Turkey,,,,,,,,,,,,,,,,,,,,,,,,,,,,,,,,,,,,,,6897.0,,
201506,Italy,,,,,,,,,,,,,,,,,,,,,,,,,,,,,,,,,,,,,,8438.0,,
201509,USA,,,,,,,,,,,,,,,,,,,,,,,,,,,,,,,,,,,,,,289759.0,,
201611,Sweden,,,,,,,,,,,,,,,,,,,,,,,,,,,,,,,,,,,,,,9283.0,,
201401,Canada,,,,,,,,,,,,,,,,,,,,,,,,,,,,,,,,,,,,,,,,72660.0
201408,Canada,,,,,,,,,,,,,,,,,,,,,,,,,,,,,,,,,,,,,,,,91689.0
201409,Canada,,,,,,,,,,,,,,,,,,,,,,,,,,,,,,,,,,,,,,,,79133.0
201410,Canada,,,,,,,,,,,,,,,,,,,,,,,,,,,,,,,,,,,,,,,,299397.0
201501,Canada,,,,,,,,,,,,,,,,,,,,,,,,,,,,,,,,,,,,,,,,148074.0
201504,Canada,,,,,,,,,,,,,,,,,,,,,,,,,,,,,,,,,,,,,,,,83987.0
201510,Canada,,,,,,,,,,,,,,,,,,,,,,,,,,,,,,,,,,,,,,,,29040.0
201512,Turkey,,,,,,,,,,,,,,,,,,,,,,,,,,,,,,,,,,,,,,,,72322.0
201607,Turkey,,,,,,,,,,,,,,,,,,,,,,,,,,,,,,,,,,,,,,,,80826.0
201610,Canada,,,,,,,,,,,,,,,,,,,,,,,,,,,,,,,,,,,,,,,,27050.0
